{
   "abstract" : "Metasploit MSG-RPC Communications Module",
   "author" : [
      "Ryan Linn <rlinn@trustwave.com>"
   ],
   "dynamic_config" : 1,
   "generated_by" : "ExtUtils::MakeMaker version 6.62, CPAN::Meta::Converter version 2.112150",
   "license" : [
      "open_source"
   ],
   "meta-spec" : {
      "url" : "http://search.cpan.org/perldoc?CPAN::Meta::Spec",
      "version" : "2"
   },
   "name" : "Net-MSFRPC",
   "no_index" : {
      "directory" : [
         "t",
         "inc"
      ]
   },
   "prereqs" : {
      "build" : {
         "requires" : {
            "ExtUtils::MakeMaker" : 0
         }
      },
      "configure" : {
         "requires" : {
            "ExtUtils::MakeMaker" : 0
         }
      },
      "runtime" : {
         "requires" : {
            "Data::MessagePack" : "0.3",
            "HTTP::Request" : 0,
            "LWP" : 0,
            "Test::More" : 0
         }
      }
   },
   "release_status" : "stable",
   "version" : "0.01"
}
